<?xml version="1.0" standalone="no"?>
<!DOCTYPE entity PUBLIC "-//UC Berkeley//DTD MoML 1//EN"
    "http://ptolemy.eecs.berkeley.edu/xml/dtd/MoML_1.dtd">
<entity name="q2part1submission_model" class="ptolemy.actor.TypedCompositeActor">
    <property name="_createdBy" class="ptolemy.kernel.attributes.VersionAttribute" value="6.0.2">
    </property>
    <property name="WirelessDirector" class="ptolemy.domains.wireless.kernel.WirelessDirector">
        <property name="stopTime" class="ptolemy.data.expr.Parameter" value="60.0">
        </property>
        <property name="synchronizeToRealTime" class="ptolemy.data.expr.Parameter" value="true">
        </property>
        <property name="_location" class="ptolemy.kernel.util.Location" value="{135.0, 80.0}">
        </property>
    </property>
    <property name="_windowProperties" class="ptolemy.actor.gui.WindowPropertiesAttribute" value="{bounds={30, 26, 1678, 1016}, maximized=false}">
    </property>
    <property name="_vergilSize" class="ptolemy.actor.gui.SizeAttribute" value="[1455, 899]">
    </property>
    <property name="_vergilZoomFactor" class="ptolemy.data.expr.ExpertParameter" value="1.0">
    </property>
    <property name="_vergilCenter" class="ptolemy.data.expr.ExpertParameter" value="{727.5, 449.5}">
    </property>
    <property name="Rectangle" class="ptolemy.vergil.kernel.attributes.RectangleAttribute">
        <property name="_location" class="ptolemy.kernel.util.Location" value="1049.0, 249.0">
        </property>
        <property name="width" class="ptolemy.data.expr.Parameter" value="324.0">
        </property>
        <property name="height" class="ptolemy.data.expr.Parameter" value="364.0">
        </property>
    </property>
    <property name="Annotation" class="ptolemy.vergil.kernel.attributes.TextAttribute">
        <property name="text" class="ptolemy.kernel.util.StringAttribute" value="For debugging purposes, feel free to remove.">
        </property>
        <property name="_location" class="ptolemy.kernel.util.Location" value="[1065.0, 260.0]">
        </property>
    </property>
    <entity name="Channel11" class="ptolemy.domains.wireless.lib.LimitedRangeChannel">
        <property name="defaultProperties" class="ptolemy.data.expr.Parameter" value="{range = 4000.0}">
        </property>
        <property name="_location" class="ptolemy.kernel.util.Location" value="[460.0, 430.0]">
        </property>
    </entity>
    <entity name="TDMAnchor11" class="lsi.wsn.sync.TDMAnchor">
        <property name="n" class="ptolemy.data.expr.Parameter" value="6">
        </property>
        <property name="_location" class="ptolemy.kernel.util.Location" value="[455.0, 380.0]">
        </property>
        <port name="input" class="ptolemy.domains.wireless.kernel.WirelessIOPort">
            <property name="input"/>
            <property name="outsideChannel" class="ptolemy.data.expr.StringParameter" value="Channel11">
            </property>
        </port>
        <port name="output" class="ptolemy.domains.wireless.kernel.WirelessIOPort">
            <property name="output"/>
            <property name="outsideChannel" class="ptolemy.data.expr.StringParameter" value="Channel11">
            </property>
        </port>
    </entity>
    <entity name="Channel13" class="ptolemy.domains.wireless.lib.LimitedRangeChannel">
        <property name="defaultProperties" class="ptolemy.data.expr.Parameter" value="{range = 4000.0}">
        </property>
        <property name="_location" class="ptolemy.kernel.util.Location" value="[660.0, 430.0]">
        </property>
    </entity>
    <entity name="Channel12" class="ptolemy.domains.wireless.lib.LimitedRangeChannel">
        <property name="defaultProperties" class="ptolemy.data.expr.Parameter" value="{range = 4000.0}">
        </property>
        <property name="_location" class="ptolemy.kernel.util.Location" value="[565.0, 430.0]">
        </property>
    </entity>
    <entity name="TDMAnchor12" class="lsi.wsn.sync.TDMAnchor">
        <property name="t" class="ptolemy.data.expr.Parameter" value="0.9">
        </property>
        <property name="n" class="ptolemy.data.expr.Parameter" value="4">
        </property>
        <property name="PAN" class="ptolemy.data.expr.Parameter" value="12">
        </property>
        <property name="_location" class="ptolemy.kernel.util.Location" value="[555.0, 380.0]">
        </property>
        <port name="input" class="ptolemy.domains.wireless.kernel.WirelessIOPort">
            <property name="input"/>
            <property name="outsideChannel" class="ptolemy.data.expr.StringParameter" value="Channel12">
            </property>
        </port>
        <port name="output" class="ptolemy.domains.wireless.kernel.WirelessIOPort">
            <property name="output"/>
            <property name="outsideChannel" class="ptolemy.data.expr.StringParameter" value="Channel12">
            </property>
        </port>
    </entity>
    <entity name="TDMAnchor13" class="lsi.wsn.sync.TDMAnchor">
        <property name="t" class="ptolemy.data.expr.Parameter" value="1.1">
        </property>
        <property name="n" class="ptolemy.data.expr.Parameter" value="9">
        </property>
        <property name="PAN" class="ptolemy.data.expr.Parameter" value="13">
        </property>
        <property name="_location" class="ptolemy.kernel.util.Location" value="[660.0, 380.0]">
        </property>
        <port name="input" class="ptolemy.domains.wireless.kernel.WirelessIOPort">
            <property name="input"/>
            <property name="outsideChannel" class="ptolemy.data.expr.StringParameter" value="Channel13">
            </property>
        </port>
        <port name="output" class="ptolemy.domains.wireless.kernel.WirelessIOPort">
            <property name="output"/>
            <property name="outsideChannel" class="ptolemy.data.expr.StringParameter" value="Channel13">
            </property>
        </port>
    </entity>
    <entity name="Display11" class="ptolemy.actor.lib.gui.Display">
        <property name="_windowProperties" class="ptolemy.actor.gui.WindowPropertiesAttribute" value="{bounds={19, 805, 497, 219}, maximized=false}">
        </property>
        <property name="_paneSize" class="ptolemy.actor.gui.SizeAttribute" value="[495, 162]">
        </property>
        <property name="_location" class="ptolemy.kernel.util.Location" value="[1235.0, 330.0]">
        </property>
    </entity>
    <entity name="Display12" class="ptolemy.actor.lib.gui.Display">
        <property name="_windowProperties" class="ptolemy.actor.gui.WindowPropertiesAttribute" value="{bounds={367, 805, 497, 219}, maximized=false}">
        </property>
        <property name="_paneSize" class="ptolemy.actor.gui.SizeAttribute" value="[495, 162]">
        </property>
        <property name="_location" class="ptolemy.kernel.util.Location" value="[1235.0, 395.0]">
        </property>
    </entity>
    <entity name="Display13" class="ptolemy.actor.lib.gui.Display">
        <property name="_windowProperties" class="ptolemy.actor.gui.WindowPropertiesAttribute" value="{bounds={715, 805, 497, 219}, maximized=false}">
        </property>
        <property name="_paneSize" class="ptolemy.actor.gui.SizeAttribute" value="[495, 162]">
        </property>
        <property name="_location" class="ptolemy.kernel.util.Location" value="[1235.0, 455.0]">
        </property>
    </entity>
    <entity name="WirelessToWired" class="ptolemy.domains.wireless.lib.WirelessToWired">
        <property name="inputChannelName" class="ptolemy.data.expr.StringParameter" value="Channel11">
        </property>
        <property name="_location" class="ptolemy.kernel.util.Location" value="[1110.0, 330.0]">
        </property>
        <property name="_hideName" class="ptolemy.data.expr.SingletonParameter" value="true">
        </property>
    </entity>
    <entity name="WirelessToWired2" class="ptolemy.domains.wireless.lib.WirelessToWired">
        <property name="inputChannelName" class="ptolemy.data.expr.StringParameter" value="Channel12">
        </property>
        <property name="_location" class="ptolemy.kernel.util.Location" value="[1110.0, 400.0]">
        </property>
        <property name="_hideName" class="ptolemy.data.expr.SingletonParameter" value="true">
        </property>
    </entity>
    <entity name="WirelessToWired3" class="ptolemy.domains.wireless.lib.WirelessToWired">
        <property name="inputChannelName" class="ptolemy.data.expr.StringParameter" value="Channel13">
        </property>
        <property name="_location" class="ptolemy.kernel.util.Location" value="[1110.0, 455.0]">
        </property>
        <property name="_hideName" class="ptolemy.data.expr.SingletonParameter" value="true">
        </property>
    </entity>
    <entity name="SourceNode" class="ptolemy.domains.wireless.kernel.WirelessComposite">
        <property name="Rectangle" class="ptolemy.vergil.kernel.attributes.RectangleAttribute">
            <property name="_location" class="ptolemy.kernel.util.Location" value="[155.0, 55.0]">
            </property>
            <property name="width" class="ptolemy.data.expr.Parameter" value="815.0">
            </property>
            <property name="height" class="ptolemy.data.expr.Parameter" value="543.0">
            </property>
            <property name="Annotation" class="ptolemy.vergil.kernel.attributes.TextAttribute">
                <property name="_location" class="ptolemy.kernel.util.Location" value="{280, 580}">
                </property>
            </property>
            <property name="_renderFirst" class="ptolemy.kernel.util.SingletonAttribute">
            </property>
        </property>
        <property name="DEDirector" class="ptolemy.domains.de.kernel.DEDirector">
            <property name="_location" class="ptolemy.kernel.util.Location" value="[70.0, 35.0]">
            </property>
        </property>
        <property name="_location" class="ptolemy.kernel.util.Location" value="[670.0, 590.0]">
        </property>
        <property name="myChannel" class="ptolemy.data.expr.Parameter" value="14">
            <property name="_hideName" class="ptolemy.kernel.util.SingletonAttribute">
            </property>
            <property name="_icon" class="ptolemy.vergil.icon.ValueIcon">
                <property name="_color" class="ptolemy.actor.gui.ColorAttribute" value="{0.0, 0.0, 1.0, 1.0}">
                </property>
            </property>
            <property name="_smallIconDescription" class="ptolemy.kernel.util.SingletonConfigurableAttribute">
                <configure>
      <svg>
        <text x="20" style="font-size:14; font-family:SansSerif; fill:blue" y="20">-P-</text>
      </svg>
    </configure>
            </property>
            <property name="_editorFactory" class="ptolemy.vergil.toolbox.VisibleParameterEditorFactory">
            </property>
            <property name="_location" class="ptolemy.kernel.util.Location" value="[1030.0, 215.0]">
            </property>
        </property>
        <property name="Annotation" class="ptolemy.vergil.kernel.attributes.TextAttribute">
            <property name="text" class="ptolemy.kernel.util.StringAttribute" value="Changes in here only.">
            </property>
            <property name="_location" class="ptolemy.kernel.util.Location" value="[185.0, 85.0]">
            </property>
        </property>
        <property name="_windowProperties" class="ptolemy.actor.gui.WindowPropertiesAttribute" value="{bounds={65, 267, 1678, 1016}, maximized=false}">
        </property>
        <property name="_vergilSize" class="ptolemy.actor.gui.SizeAttribute" value="[1455, 899]">
        </property>
        <property name="_vergilZoomFactor" class="ptolemy.data.expr.ExpertParameter" value="1.2401448966546">
        </property>
        <property name="_vergilCenter" class="ptolemy.data.expr.ExpertParameter" value="{577.6249999999999, 353.45764604811}">
        </property>
        <port name="port" class="ptolemy.domains.wireless.kernel.WirelessIOPort">
            <property name="input"/>
            <property name="outsideChannel" class="ptolemy.data.expr.StringParameter" value="Channel$myChannel">
            </property>
            <property name="insideChannel" class="ptolemy.data.expr.StringParameter" value="">
            </property>
            <property name="_location" class="ptolemy.kernel.util.Location" value="[110.0, 190.0]">
            </property>
        </port>
        <port name="port2" class="ptolemy.domains.wireless.kernel.WirelessIOPort">
            <property name="output"/>
            <property name="outsideChannel" class="ptolemy.data.expr.StringParameter" value="Channel$myChannel">
            </property>
            <property name="insideChannel" class="ptolemy.data.expr.StringParameter" value="">
            </property>
            <property name="_location" class="ptolemy.kernel.util.Location" value="[1150.0, 290.0]">
            </property>
        </port>
        <entity name="SetVariable" class="ptolemy.actor.lib.SetVariable">
            <property name="variableName" class="ptolemy.kernel.util.StringAttribute" value="myChannel">
            </property>
            <property name="delayed" class="ptolemy.data.expr.Parameter" value="false">
            </property>
            <property name="_icon" class="ptolemy.vergil.icon.BoxedValueIcon">
                <property name="attributeName" class="ptolemy.kernel.util.StringAttribute" value="variableName">
                </property>
                <property name="displayWidth" class="ptolemy.data.expr.Parameter" value="40">
                </property>
            </property>
            <property name="_location" class="ptolemy.kernel.util.Location" value="[1070.0, 260.0]">
            </property>
        </entity>
        <entity name="SourceNodeActor" class="q2ptolemy.SourceNodeActor">
            <property name="_location" class="ptolemy.kernel.util.Location" value="586.6249999999961, 362.45764604810756">
            </property>
        </entity>
        <relation name="relation" class="ptolemy.actor.TypedIORelation">
            <property name="width" class="ptolemy.data.expr.Parameter" value="1">
            </property>
        </relation>
        <relation name="relation2" class="ptolemy.actor.TypedIORelation">
            <property name="width" class="ptolemy.data.expr.Parameter" value="1">
            </property>
        </relation>
        <relation name="relation3" class="ptolemy.actor.TypedIORelation">
            <property name="width" class="ptolemy.data.expr.Parameter" value="1">
            </property>
        </relation>
        <link port="port" relation="relation"/>
        <link port="port2" relation="relation3"/>
        <link port="SetVariable.input" relation="relation2"/>
        <link port="SourceNodeActor.input" relation="relation"/>
        <link port="SourceNodeActor.channelOutput" relation="relation2"/>
        <link port="SourceNodeActor.dataOutput" relation="relation3"/>
    </entity>
    <entity name="Channel15" class="ptolemy.domains.wireless.lib.LimitedRangeChannel">
        <property name="defaultProperties" class="ptolemy.data.expr.Parameter" value="{range = 4000.0}">
        </property>
        <property name="_location" class="ptolemy.kernel.util.Location" value="[865.0, 430.0]">
        </property>
    </entity>
    <entity name="Channel14" class="ptolemy.domains.wireless.lib.LimitedRangeChannel">
        <property name="defaultProperties" class="ptolemy.data.expr.Parameter" value="{range = 4000.0}">
        </property>
        <property name="_location" class="ptolemy.kernel.util.Location" value="[760.0, 430.0]">
        </property>
    </entity>
    <entity name="TDMAnchor14" class="lsi.wsn.sync.TDMAnchor">
        <property name="t" class="ptolemy.data.expr.Parameter" value="0.75">
        </property>
        <property name="n" class="ptolemy.data.expr.Parameter" value="2">
        </property>
        <property name="PAN" class="ptolemy.data.expr.Parameter" value="14">
        </property>
        <property name="_location" class="ptolemy.kernel.util.Location" value="[760.0, 380.0]">
        </property>
        <port name="input" class="ptolemy.domains.wireless.kernel.WirelessIOPort">
            <property name="input"/>
            <property name="outsideChannel" class="ptolemy.data.expr.StringParameter" value="Channel14">
            </property>
        </port>
        <port name="output" class="ptolemy.domains.wireless.kernel.WirelessIOPort">
            <property name="output"/>
            <property name="outsideChannel" class="ptolemy.data.expr.StringParameter" value="Channel14">
            </property>
        </port>
    </entity>
    <entity name="TDMAnchor15" class="lsi.wsn.sync.TDMAnchor">
        <property name="t" class="ptolemy.data.expr.Parameter" value="1.2">
        </property>
        <property name="n" class="ptolemy.data.expr.Parameter" value="1">
        </property>
        <property name="PAN" class="ptolemy.data.expr.Parameter" value="15">
        </property>
        <property name="_location" class="ptolemy.kernel.util.Location" value="[865.0, 380.0]">
        </property>
        <port name="input" class="ptolemy.domains.wireless.kernel.WirelessIOPort">
            <property name="input"/>
            <property name="outsideChannel" class="ptolemy.data.expr.StringParameter" value="Channel15">
            </property>
        </port>
        <port name="output" class="ptolemy.domains.wireless.kernel.WirelessIOPort">
            <property name="output"/>
            <property name="outsideChannel" class="ptolemy.data.expr.StringParameter" value="Channel15">
            </property>
        </port>
    </entity>
    <entity name="Display14" class="ptolemy.actor.lib.gui.Display">
        <property name="_windowProperties" class="ptolemy.actor.gui.WindowPropertiesAttribute" value="{bounds={1058, 805, 497, 219}, maximized=false}">
        </property>
        <property name="_paneSize" class="ptolemy.actor.gui.SizeAttribute" value="[495, 162]">
        </property>
        <property name="_location" class="ptolemy.kernel.util.Location" value="[1235.0, 515.0]">
        </property>
    </entity>
    <entity name="Display15" class="ptolemy.actor.lib.gui.Display">
        <property name="_windowProperties" class="ptolemy.actor.gui.WindowPropertiesAttribute" value="{bounds={1183, 805, 497, 219}, maximized=false}">
        </property>
        <property name="_paneSize" class="ptolemy.actor.gui.SizeAttribute" value="[495, 162]">
        </property>
        <property name="_location" class="ptolemy.kernel.util.Location" value="[1235.0, 575.0]">
        </property>
    </entity>
    <entity name="WirelessToWired4" class="ptolemy.domains.wireless.lib.WirelessToWired">
        <property name="inputChannelName" class="ptolemy.data.expr.StringParameter" value="Channel14">
        </property>
        <property name="_location" class="ptolemy.kernel.util.Location" value="[1110.0, 520.0]">
        </property>
        <property name="_hideName" class="ptolemy.data.expr.SingletonParameter" value="true">
        </property>
    </entity>
    <entity name="WirelessToWired5" class="ptolemy.domains.wireless.lib.WirelessToWired">
        <property name="inputChannelName" class="ptolemy.data.expr.StringParameter" value="Channel15">
        </property>
        <property name="_location" class="ptolemy.kernel.util.Location" value="[1110.0, 575.0]">
        </property>
        <property name="_hideName" class="ptolemy.data.expr.SingletonParameter" value="true">
        </property>
    </entity>
    <relation name="relation" class="ptolemy.actor.TypedIORelation">
        <property name="width" class="ptolemy.data.expr.Parameter" value="1">
        </property>
    </relation>
    <relation name="relation3" class="ptolemy.actor.TypedIORelation">
        <property name="width" class="ptolemy.data.expr.Parameter" value="1">
        </property>
    </relation>
    <relation name="relation5" class="ptolemy.actor.TypedIORelation">
        <property name="width" class="ptolemy.data.expr.Parameter" value="1">
        </property>
    </relation>
    <relation name="relation2" class="ptolemy.actor.TypedIORelation">
        <property name="width" class="ptolemy.data.expr.Parameter" value="1">
        </property>
    </relation>
    <relation name="relation4" class="ptolemy.actor.TypedIORelation">
        <property name="width" class="ptolemy.data.expr.Parameter" value="1">
        </property>
    </relation>
    <relation name="relation6" class="ptolemy.actor.TypedIORelation">
        <property name="width" class="ptolemy.data.expr.Parameter" value="1">
        </property>
    </relation>
    <relation name="relation7" class="ptolemy.actor.TypedIORelation">
        <property name="width" class="ptolemy.data.expr.Parameter" value="1">
        </property>
    </relation>
    <relation name="relation8" class="ptolemy.actor.TypedIORelation">
        <property name="width" class="ptolemy.data.expr.Parameter" value="1">
        </property>
    </relation>
    <relation name="relation9" class="ptolemy.actor.TypedIORelation">
        <property name="width" class="ptolemy.data.expr.Parameter" value="1">
        </property>
    </relation>
    <relation name="relation10" class="ptolemy.actor.TypedIORelation">
        <property name="width" class="ptolemy.data.expr.Parameter" value="1">
        </property>
    </relation>
    <link port="Display11.input" relation="relation"/>
    <link port="Display11.input" relation="relation2"/>
    <link port="Display12.input" relation="relation3"/>
    <link port="Display12.input" relation="relation4"/>
    <link port="Display13.input" relation="relation5"/>
    <link port="Display13.input" relation="relation6"/>
    <link port="WirelessToWired.properties" relation="relation"/>
    <link port="WirelessToWired.payload" relation="relation2"/>
    <link port="WirelessToWired2.properties" relation="relation3"/>
    <link port="WirelessToWired2.payload" relation="relation4"/>
    <link port="WirelessToWired3.properties" relation="relation5"/>
    <link port="WirelessToWired3.payload" relation="relation6"/>
    <link port="Display14.input" relation="relation7"/>
    <link port="Display14.input" relation="relation9"/>
    <link port="Display15.input" relation="relation8"/>
    <link port="Display15.input" relation="relation10"/>
    <link port="WirelessToWired4.properties" relation="relation7"/>
    <link port="WirelessToWired4.payload" relation="relation9"/>
    <link port="WirelessToWired5.properties" relation="relation8"/>
    <link port="WirelessToWired5.payload" relation="relation10"/>
</entity>
