<?xml version="1.0" standalone="no"?>
<!DOCTYPE entity PUBLIC "-//UC Berkeley//DTD MoML 1//EN"
    "http://ptolemy.eecs.berkeley.edu/xml/dtd/MoML_1.dtd">
<entity name="q3submission_model" class="ptolemy.actor.TypedCompositeActor">
    <property name="Rectangle" class="ptolemy.vergil.kernel.attributes.RectangleAttribute">
        <property name="_location" class="ptolemy.kernel.util.Location" value="[445.0, 495.0]">
        </property>
        <property name="lineWidth" class="ptolemy.data.expr.Parameter" value="3.0">
        </property>
        <property name="width" class="ptolemy.data.expr.Parameter" value="549.0">
        </property>
        <property name="height" class="ptolemy.data.expr.Parameter" value="223.0">
        </property>
        <property name="_renderFirst" class="ptolemy.kernel.util.SingletonAttribute">
        </property>
    </property>
    <property name="_createdBy" class="ptolemy.kernel.attributes.VersionAttribute" value="6.0.2">
    </property>
    <property name="DE Director" class="ptolemy.domains.de.kernel.DEDirector">
        <property name="stopTime" class="ptolemy.data.expr.Parameter" value="0.0004">
        </property>
        <property name="_location" class="ptolemy.kernel.util.Location" value="[80.0, 45.0]">
        </property>
    </property>
    <property name="_windowProperties" class="ptolemy.actor.gui.WindowPropertiesAttribute" value="{bounds={24, 37, 2213, 1183}, maximized=false}">
    </property>
    <property name="_vergilSize" class="ptolemy.actor.gui.SizeAttribute" value="[1990, 1066]">
    </property>
    <property name="_vergilZoomFactor" class="ptolemy.data.expr.ExpertParameter" value="1.3053861528212">
    </property>
    <property name="_vergilCenter" class="ptolemy.data.expr.ExpertParameter" value="{789.2265625, 425.5739243090453}">
    </property>
    <property name="Annotation" class="ptolemy.vergil.kernel.attributes.TextAttribute">
        <property name="text" class="ptolemy.kernel.util.StringAttribute" value="Platform model, do not change&#10;anything inside the rectangle.">
        </property>
        <property name="_location" class="ptolemy.kernel.util.Location" value="[445.0, 730.0]">
        </property>
    </property>
    <property name="Annotation2" class="ptolemy.vergil.kernel.attributes.TextAttribute">
        <property name="text" class="ptolemy.kernel.util.StringAttribute" value="CPU model, right-click and look inside.">
        </property>
        <property name="_location" class="ptolemy.kernel.util.Location" value="[790.0, 205.0]">
        </property>
    </property>
    <entity name="Bus" class="lsi.instruction.SingleSharedMemoryBus">
        <property name="_location" class="ptolemy.kernel.util.Location" value="[720.0, 590.0]">
        </property>
        <property name="_icon" class="ptolemy.vergil.icon.EditorIcon">
            <property name="rectangle" class="ptolemy.vergil.kernel.attributes.RectangleAttribute">
                <property name="_location" class="ptolemy.kernel.util.Location" value="[16.0, -3.0]">
                </property>
                <property name="width" class="ptolemy.data.expr.Parameter" value="158.0">
                </property>
                <property name="height" class="ptolemy.data.expr.Parameter" value="14.0">
                </property>
                <property name="centered" class="ptolemy.data.expr.Parameter" value="true">
                </property>
                <property name="fillColor" class="ptolemy.actor.gui.ColorAttribute" value="{1.0,0.4,0.0,1.0}">
                </property>
            </property>
        </property>
        <port name="clk" class="ptolemy.actor.TypedIOPort">
            <property name="input"/>
            <property name="_showName" class="ptolemy.data.expr.SingletonParameter" value="true">
            </property>
        </port>
        <port name="toMemory" class="ptolemy.actor.TypedIOPort">
            <property name="output"/>
            <property name="_cardinal" class="ptolemy.kernel.util.StringAttribute" value="SOUTH">
            </property>
            <property name="_showName" class="ptolemy.data.expr.SingletonParameter" value="true">
            </property>
        </port>
        <port name="fromMemory" class="ptolemy.actor.TypedIOPort">
            <property name="input"/>
            <property name="_cardinal" class="ptolemy.kernel.util.StringAttribute" value="SOUTH">
            </property>
            <property name="_showName" class="ptolemy.data.expr.SingletonParameter" value="true">
            </property>
        </port>
        <port name="input" class="ptolemy.actor.TypedIOPort">
            <property name="input"/>
            <property name="multiport"/>
            <property name="_cardinal" class="ptolemy.kernel.util.StringAttribute" value="NORTH">
            </property>
            <property name="_showName" class="ptolemy.data.expr.SingletonParameter" value="true">
            </property>
        </port>
        <port name="output" class="ptolemy.actor.TypedIOPort">
            <property name="output"/>
            <property name="multiport"/>
            <property name="_cardinal" class="ptolemy.kernel.util.StringAttribute" value="NORTH">
            </property>
            <property name="_showName" class="ptolemy.data.expr.SingletonParameter" value="true">
            </property>
        </port>
        <port name="data bus state" class="ptolemy.actor.TypedIOPort">
            <property name="output"/>
            <property name="_showName" class="ptolemy.data.expr.SingletonParameter" value="true">
            </property>
        </port>
        <port name="address bus state" class="ptolemy.actor.TypedIOPort">
            <property name="output"/>
            <property name="_showName" class="ptolemy.data.expr.SingletonParameter" value="true">
            </property>
        </port>
        <port name="debug" class="ptolemy.actor.TypedIOPort">
            <property name="output"/>
            <property name="_showName" class="ptolemy.data.expr.SingletonParameter" value="true">
            </property>
        </port>
    </entity>
    <entity name="MemoryController" class="lsi.instruction.MemoryController">
        <property name="memory file" class="ptolemy.data.expr.StringParameter" value="memory.txt">
        </property>
        <property name="_location" class="ptolemy.kernel.util.Location" value="[615.0, 680.0]">
        </property>
        <property name="_icon" class="ptolemy.vergil.icon.EditorIcon">
            <property name="rectangle" class="ptolemy.vergil.kernel.attributes.RectangleAttribute">
                <property name="_location" class="ptolemy.kernel.util.Location" value="[-1.0, -4.0]">
                </property>
                <property name="width" class="ptolemy.data.expr.Parameter" value="96.0">
                </property>
                <property name="height" class="ptolemy.data.expr.Parameter" value="42.0">
                </property>
                <property name="centered" class="ptolemy.data.expr.Parameter" value="true">
                </property>
                <property name="fillColor" class="ptolemy.actor.gui.ColorAttribute" value="{1.0, 1.0, 1.0, 1.0}">
                </property>
            </property>
            <property name="Annotation" class="ptolemy.vergil.kernel.attributes.TextAttribute">
                <property name="text" class="ptolemy.kernel.util.StringAttribute" value="memory">
                </property>
                <property name="_location" class="ptolemy.kernel.util.Location" value="[-28.0, -11.0]">
                </property>
            </property>
        </property>
        <property name="_hideName" class="ptolemy.data.expr.SingletonParameter" value="true">
        </property>
        <port name="input" class="ptolemy.actor.TypedIOPort">
            <property name="input"/>
            <property name="_cardinal" class="ptolemy.kernel.util.StringAttribute" value="EAST">
            </property>
            <property name="_showName" class="ptolemy.data.expr.SingletonParameter" value="true">
            </property>
        </port>
        <port name="output" class="ptolemy.actor.TypedIOPort">
            <property name="output"/>
            <property name="_cardinal" class="ptolemy.kernel.util.StringAttribute" value="EAST">
            </property>
            <property name="_showName" class="ptolemy.data.expr.SingletonParameter" value="true">
            </property>
        </port>
        <port name="clk" class="ptolemy.actor.TypedIOPort">
            <property name="input"/>
            <property name="_showName" class="ptolemy.data.expr.SingletonParameter" value="true">
            </property>
        </port>
    </entity>
    <entity name="data bus state" class="ptolemy.actor.lib.gui.Display">
        <property name="_windowProperties" class="ptolemy.actor.gui.WindowPropertiesAttribute" value="{bounds={1025, 30, 342, 246}, maximized=false}">
        </property>
        <property name="_location" class="ptolemy.kernel.util.Location" value="[1260.0, 545.0]">
        </property>
    </entity>
    <entity name="Clock" class="ptolemy.actor.lib.Clock">
        <property name="stopTime" class="ptolemy.data.expr.Parameter" value="Infinity">
        </property>
        <property name="period" class="ptolemy.data.expr.Parameter" value="0.00000001">
        </property>
        <property name="offsets" class="ptolemy.data.expr.Parameter" value="{0.0}">
        </property>
        <property name="values" class="ptolemy.data.expr.Parameter" value="{1}">
        </property>
        <doc>Create a set of pulses</doc>
        <property name="_location" class="ptolemy.kernel.util.Location" value="[480.0, 590.0]">
        </property>
    </entity>
    <entity name="address bus state" class="ptolemy.actor.lib.gui.Display">
        <property name="_windowProperties" class="ptolemy.actor.gui.WindowPropertiesAttribute" value="{bounds={1025, 276, 342, 246}, maximized=false}">
        </property>
        <property name="_location" class="ptolemy.kernel.util.Location" value="[1260.0, 600.0]">
        </property>
    </entity>
    <entity name="Multiprocessor" class="ptolemy.actor.TypedCompositeActor">
        <property name="_location" class="ptolemy.kernel.util.Location" value="[735.0, 235.0]">
        </property>
        <property name="_hideName" class="ptolemy.data.expr.SingletonParameter" value="true">
        </property>
        <property name="_icon" class="ptolemy.vergil.icon.EditorIcon">
            <property name="rectangle" class="ptolemy.vergil.kernel.attributes.RectangleAttribute">
                <property name="_location" class="ptolemy.kernel.util.Location" value="-6.0, -2.0">
                </property>
                <property name="width" class="ptolemy.data.expr.Parameter" value="74.0">
                </property>
                <property name="height" class="ptolemy.data.expr.Parameter" value="72.0">
                </property>
                <property name="centered" class="ptolemy.data.expr.Parameter" value="true">
                </property>
                <property name="fillColor" class="ptolemy.actor.gui.ColorAttribute" value="{1.0, 1.0, 1.0, 1.0}">
                </property>
            </property>
            <property name="rectangle2" class="ptolemy.vergil.kernel.attributes.RectangleAttribute">
                <property name="_location" class="ptolemy.kernel.util.Location" value="[-21.0, -19.0]">
                </property>
                <property name="width" class="ptolemy.data.expr.Parameter" value="18.0">
                </property>
                <property name="height" class="ptolemy.data.expr.Parameter" value="17.0">
                </property>
                <property name="centered" class="ptolemy.data.expr.Parameter" value="true">
                </property>
                <property name="fillColor" class="ptolemy.actor.gui.ColorAttribute" value="{0.0,0.0,0.0,1.0}">
                </property>
            </property>
            <property name="rectangle3" class="ptolemy.vergil.kernel.attributes.RectangleAttribute">
                <property name="_location" class="ptolemy.kernel.util.Location" value="[9.0, -19.0]">
                </property>
                <property name="width" class="ptolemy.data.expr.Parameter" value="18.0">
                </property>
                <property name="height" class="ptolemy.data.expr.Parameter" value="17.0">
                </property>
                <property name="centered" class="ptolemy.data.expr.Parameter" value="true">
                </property>
                <property name="fillColor" class="ptolemy.actor.gui.ColorAttribute" value="{0.0,0.0,0.0,1.0}">
                </property>
            </property>
            <property name="rectangle4" class="ptolemy.vergil.kernel.attributes.RectangleAttribute">
                <property name="_location" class="ptolemy.kernel.util.Location" value="[-21.0, 11.0]">
                </property>
                <property name="width" class="ptolemy.data.expr.Parameter" value="18.0">
                </property>
                <property name="height" class="ptolemy.data.expr.Parameter" value="17.0">
                </property>
                <property name="centered" class="ptolemy.data.expr.Parameter" value="true">
                </property>
                <property name="fillColor" class="ptolemy.actor.gui.ColorAttribute" value="{0.0,0.0,0.0,1.0}">
                </property>
            </property>
            <property name="rectangle5" class="ptolemy.vergil.kernel.attributes.RectangleAttribute">
                <property name="_location" class="ptolemy.kernel.util.Location" value="[9.0, 11.0]">
                </property>
                <property name="width" class="ptolemy.data.expr.Parameter" value="18.0">
                </property>
                <property name="height" class="ptolemy.data.expr.Parameter" value="17.0">
                </property>
                <property name="centered" class="ptolemy.data.expr.Parameter" value="true">
                </property>
                <property name="fillColor" class="ptolemy.actor.gui.ColorAttribute" value="{0.0,0.0,0.0,1.0}">
                </property>
            </property>
        </property>
        <property name="Annotation" class="ptolemy.vergil.kernel.attributes.TextAttribute">
            <property name="text" class="ptolemy.kernel.util.StringAttribute" value="Multiprocessor CPU model, do not change.">
            </property>
            <property name="_location" class="ptolemy.kernel.util.Location" value="[95.0, 160.0]">
            </property>
        </property>
        <property name="Annotation2" class="ptolemy.vergil.kernel.attributes.TextAttribute">
            <property name="text" class="ptolemy.kernel.util.StringAttribute" value="Each PE keeps issuing &#10;arbitration requests to the&#10;respective output port at &#10;every clock cycle until a &#10;GRANT token is received &#10;from the bus on the input&#10;port.&#10;&#10;Upon GRANT token reception, &#10;PE closes the transaction &#10;and carries on in case of a&#10;WRITE, or keeps waiting for&#10;a DATA token on the input &#10;port in case of a READ.&#10;&#10;Upon READ token reception, &#10;close the transaction and&#10;carry on.">
            </property>
            <property name="_location" class="ptolemy.kernel.util.Location" value="[90.0, 265.0]">
            </property>
        </property>
        <port name="in1" class="ptolemy.actor.TypedIOPort">
            <property name="input"/>
            <property name="_location" class="ptolemy.kernel.util.Location" value="[345.0, 425.0]">
            </property>
            <property name="_showName" class="ptolemy.data.expr.SingletonParameter" value="true">
            </property>
            <property name="_cardinal" class="ptolemy.kernel.util.StringAttribute" value="SOUTH">
            </property>
        </port>
        <port name="in2" class="ptolemy.actor.TypedIOPort">
            <property name="input"/>
            <property name="_location" class="ptolemy.kernel.util.Location" value="[565.0, 425.0]">
            </property>
            <property name="_showName" class="ptolemy.data.expr.SingletonParameter" value="true">
            </property>
            <property name="_cardinal" class="ptolemy.kernel.util.StringAttribute" value="SOUTH">
            </property>
        </port>
        <port name="in3" class="ptolemy.actor.TypedIOPort">
            <property name="input"/>
            <property name="_location" class="ptolemy.kernel.util.Location" value="[830.0, 420.0]">
            </property>
            <property name="_showName" class="ptolemy.data.expr.SingletonParameter" value="true">
            </property>
            <property name="_cardinal" class="ptolemy.kernel.util.StringAttribute" value="SOUTH">
            </property>
        </port>
        <port name="in4" class="ptolemy.actor.TypedIOPort">
            <property name="input"/>
            <property name="_location" class="ptolemy.kernel.util.Location" value="[1060.0, 415.0]">
            </property>
            <property name="_showName" class="ptolemy.data.expr.SingletonParameter" value="true">
            </property>
            <property name="_cardinal" class="ptolemy.kernel.util.StringAttribute" value="SOUTH">
            </property>
        </port>
        <port name="out1" class="ptolemy.actor.TypedIOPort">
            <property name="output"/>
            <property name="_location" class="ptolemy.kernel.util.Location" value="[488.59375, 425.671875]">
            </property>
            <property name="_showName" class="ptolemy.data.expr.SingletonParameter" value="true">
            </property>
            <property name="_cardinal" class="ptolemy.kernel.util.StringAttribute" value="SOUTH">
            </property>
        </port>
        <port name="out2" class="ptolemy.actor.TypedIOPort">
            <property name="output"/>
            <property name="_location" class="ptolemy.kernel.util.Location" value="[705.625, 425.28125]">
            </property>
            <property name="_showName" class="ptolemy.data.expr.SingletonParameter" value="true">
            </property>
            <property name="_cardinal" class="ptolemy.kernel.util.StringAttribute" value="SOUTH">
            </property>
        </port>
        <port name="out3" class="ptolemy.actor.TypedIOPort">
            <property name="output"/>
            <property name="_location" class="ptolemy.kernel.util.Location" value="[945.0, 420.0]">
            </property>
            <property name="_showName" class="ptolemy.data.expr.SingletonParameter" value="true">
            </property>
            <property name="_cardinal" class="ptolemy.kernel.util.StringAttribute" value="SOUTH">
            </property>
        </port>
        <port name="out4" class="ptolemy.actor.TypedIOPort">
            <property name="output"/>
            <property name="_location" class="ptolemy.kernel.util.Location" value="[1185.0, 420.0]">
            </property>
            <property name="_showName" class="ptolemy.data.expr.SingletonParameter" value="true">
            </property>
            <property name="_cardinal" class="ptolemy.kernel.util.StringAttribute" value="SOUTH">
            </property>
        </port>
        <port name="clk" class="ptolemy.actor.TypedIOPort">
            <property name="input"/>
            <property name="_location" class="ptolemy.kernel.util.Location" value="[735.0, 235.0]">
            </property>
            <property name="_showName" class="ptolemy.data.expr.SingletonParameter" value="true">
            </property>
            <property name="_cardinal" class="ptolemy.kernel.util.StringAttribute" value="WEST">
            </property>
        </port>
        <port name="dbg1" class="ptolemy.actor.TypedIOPort">
            <property name="output"/>
            <property name="_location" class="ptolemy.kernel.util.Location" value="[495.0, 365.0]">
            </property>
            <property name="_showName" class="ptolemy.data.expr.SingletonParameter" value="true">
            </property>
            <property name="_cardinal" class="ptolemy.kernel.util.StringAttribute" value="NORTH">
            </property>
        </port>
        <port name="dbg2" class="ptolemy.actor.TypedIOPort">
            <property name="output"/>
            <property name="_location" class="ptolemy.kernel.util.Location" value="[720.0, 360.0]">
            </property>
            <property name="_showName" class="ptolemy.data.expr.SingletonParameter" value="true">
            </property>
            <property name="_cardinal" class="ptolemy.kernel.util.StringAttribute" value="NORTH">
            </property>
        </port>
        <port name="dbg3" class="ptolemy.actor.TypedIOPort">
            <property name="output"/>
            <property name="_location" class="ptolemy.kernel.util.Location" value="[970.0, 365.0]">
            </property>
            <property name="_showName" class="ptolemy.data.expr.SingletonParameter" value="true">
            </property>
            <property name="_cardinal" class="ptolemy.kernel.util.StringAttribute" value="NORTH">
            </property>
        </port>
        <port name="dbg4" class="ptolemy.actor.TypedIOPort">
            <property name="output"/>
            <property name="_location" class="ptolemy.kernel.util.Location" value="[1215.0, 365.0]">
            </property>
            <property name="_showName" class="ptolemy.data.expr.SingletonParameter" value="true">
            </property>
            <property name="_cardinal" class="ptolemy.kernel.util.StringAttribute" value="NORTH">
            </property>
        </port>
        <entity name="InstructionProcessor1" class="lsi.instruction.InstructionProcessor">
            <property name="initial PC" class="ptolemy.data.expr.Parameter" value="19384">
            </property>
            <property name="_location" class="ptolemy.kernel.util.Location" value="[420.0, 365.0]">
            </property>
            <property name="_icon" class="ptolemy.vergil.icon.EditorIcon">
                <property name="rectangle" class="ptolemy.vergil.kernel.attributes.RectangleAttribute">
                    <property name="_location" class="ptolemy.kernel.util.Location" value="0.0, -1.0">
                    </property>
                    <property name="lineColor" class="ptolemy.actor.gui.ColorAttribute" value="{1.0,1.0,1.0,1.0}">
                    </property>
                    <property name="width" class="ptolemy.data.expr.Parameter" value="60.0">
                    </property>
                    <property name="height" class="ptolemy.data.expr.Parameter" value="54.0">
                    </property>
                    <property name="centered" class="ptolemy.data.expr.Parameter" value="true">
                    </property>
                    <property name="fillColor" class="ptolemy.actor.gui.ColorAttribute" value="{0.0,0.0,0.0,1.0}">
                    </property>
                </property>
                <property name="Annotation" class="ptolemy.vergil.kernel.attributes.TextAttribute">
                    <property name="textSize" class="ptolemy.data.expr.Parameter" value="18">
                    </property>
                    <property name="textColor" class="ptolemy.actor.gui.ColorAttribute" value="{1.0,0.4,0.0,1.0}">
                    </property>
                    <property name="text" class="ptolemy.kernel.util.StringAttribute" value="PE">
                    </property>
                    <property name="_location" class="ptolemy.kernel.util.Location" value="[-14.0, -10.0]">
                    </property>
                </property>
            </property>
            <port name="input" class="ptolemy.actor.TypedIOPort">
                <property name="input"/>
                <property name="_cardinal" class="ptolemy.kernel.util.StringAttribute" value="SOUTH">
                </property>
            </port>
            <port name="output" class="ptolemy.actor.TypedIOPort">
                <property name="output"/>
                <property name="_cardinal" class="ptolemy.kernel.util.StringAttribute" value="SOUTH">
                </property>
            </port>
            <port name="debug" class="ptolemy.actor.TypedIOPort">
                <property name="output"/>
                <property name="_cardinal" class="ptolemy.kernel.util.StringAttribute" value="EAST">
                </property>
            </port>
            <port name="clk" class="ptolemy.actor.TypedIOPort">
                <property name="input"/>
                <property name="_cardinal" class="ptolemy.kernel.util.StringAttribute" value="NORTH">
                </property>
            </port>
        </entity>
        <entity name="InstructionProcessor" class="lsi.instruction.InstructionProcessor">
            <property name="initial PC" class="ptolemy.data.expr.Parameter" value="50152">
            </property>
            <property name="_location" class="ptolemy.kernel.util.Location" value="[640.0, 360.0]">
            </property>
            <property name="_icon" class="ptolemy.vergil.icon.EditorIcon">
                <property name="rectangle" class="ptolemy.vergil.kernel.attributes.RectangleAttribute">
                    <property name="_location" class="ptolemy.kernel.util.Location" value="0.0, -1.0">
                    </property>
                    <property name="lineColor" class="ptolemy.actor.gui.ColorAttribute" value="{1.0,1.0,1.0,1.0}">
                    </property>
                    <property name="width" class="ptolemy.data.expr.Parameter" value="60.0">
                    </property>
                    <property name="height" class="ptolemy.data.expr.Parameter" value="54.0">
                    </property>
                    <property name="centered" class="ptolemy.data.expr.Parameter" value="true">
                    </property>
                    <property name="fillColor" class="ptolemy.actor.gui.ColorAttribute" value="{0.0,0.0,0.0,1.0}">
                    </property>
                </property>
                <property name="Annotation" class="ptolemy.vergil.kernel.attributes.TextAttribute">
                    <property name="textSize" class="ptolemy.data.expr.Parameter" value="18">
                    </property>
                    <property name="textColor" class="ptolemy.actor.gui.ColorAttribute" value="{1.0,0.4,0.0,1.0}">
                    </property>
                    <property name="text" class="ptolemy.kernel.util.StringAttribute" value="PE">
                    </property>
                    <property name="_location" class="ptolemy.kernel.util.Location" value="[-14.0, -10.0]">
                    </property>
                </property>
            </property>
            <port name="input" class="ptolemy.actor.TypedIOPort">
                <property name="input"/>
                <property name="_cardinal" class="ptolemy.kernel.util.StringAttribute" value="SOUTH">
                </property>
            </port>
            <port name="output" class="ptolemy.actor.TypedIOPort">
                <property name="output"/>
                <property name="_cardinal" class="ptolemy.kernel.util.StringAttribute" value="SOUTH">
                </property>
            </port>
            <port name="debug" class="ptolemy.actor.TypedIOPort">
                <property name="output"/>
                <property name="_cardinal" class="ptolemy.kernel.util.StringAttribute" value="EAST">
                </property>
            </port>
            <port name="clk" class="ptolemy.actor.TypedIOPort">
                <property name="input"/>
                <property name="_cardinal" class="ptolemy.kernel.util.StringAttribute" value="NORTH">
                </property>
            </port>
        </entity>
        <entity name="InstructionProcessor2" class="lsi.instruction.InstructionProcessor">
            <property name="initial PC" class="ptolemy.data.expr.Parameter" value="34768">
            </property>
            <property name="_location" class="ptolemy.kernel.util.Location" value="[885.0, 365.0]">
            </property>
            <property name="_icon" class="ptolemy.vergil.icon.EditorIcon">
                <property name="rectangle" class="ptolemy.vergil.kernel.attributes.RectangleAttribute">
                    <property name="_location" class="ptolemy.kernel.util.Location" value="0.0, -1.0">
                    </property>
                    <property name="lineColor" class="ptolemy.actor.gui.ColorAttribute" value="{1.0,1.0,1.0,1.0}">
                    </property>
                    <property name="width" class="ptolemy.data.expr.Parameter" value="60.0">
                    </property>
                    <property name="height" class="ptolemy.data.expr.Parameter" value="54.0">
                    </property>
                    <property name="centered" class="ptolemy.data.expr.Parameter" value="true">
                    </property>
                    <property name="fillColor" class="ptolemy.actor.gui.ColorAttribute" value="{0.0,0.0,0.0,1.0}">
                    </property>
                </property>
                <property name="Annotation" class="ptolemy.vergil.kernel.attributes.TextAttribute">
                    <property name="textSize" class="ptolemy.data.expr.Parameter" value="18">
                    </property>
                    <property name="textColor" class="ptolemy.actor.gui.ColorAttribute" value="{1.0,0.4,0.0,1.0}">
                    </property>
                    <property name="text" class="ptolemy.kernel.util.StringAttribute" value="PE">
                    </property>
                    <property name="_location" class="ptolemy.kernel.util.Location" value="[-14.0, -10.0]">
                    </property>
                </property>
            </property>
            <port name="input" class="ptolemy.actor.TypedIOPort">
                <property name="input"/>
                <property name="_cardinal" class="ptolemy.kernel.util.StringAttribute" value="SOUTH">
                </property>
            </port>
            <port name="output" class="ptolemy.actor.TypedIOPort">
                <property name="output"/>
                <property name="_cardinal" class="ptolemy.kernel.util.StringAttribute" value="SOUTH">
                </property>
            </port>
            <port name="debug" class="ptolemy.actor.TypedIOPort">
                <property name="output"/>
                <property name="_cardinal" class="ptolemy.kernel.util.StringAttribute" value="EAST">
                </property>
            </port>
            <port name="clk" class="ptolemy.actor.TypedIOPort">
                <property name="input"/>
                <property name="_cardinal" class="ptolemy.kernel.util.StringAttribute" value="NORTH">
                </property>
            </port>
        </entity>
        <entity name="InstructionProcessor3" class="lsi.instruction.InstructionProcessor">
            <property name="initial PC" class="ptolemy.data.expr.Parameter" value="4000">
            </property>
            <property name="_location" class="ptolemy.kernel.util.Location" value="[1125.0, 365.0]">
            </property>
            <property name="_icon" class="ptolemy.vergil.icon.EditorIcon">
                <property name="rectangle" class="ptolemy.vergil.kernel.attributes.RectangleAttribute">
                    <property name="_location" class="ptolemy.kernel.util.Location" value="0.0, -1.0">
                    </property>
                    <property name="lineColor" class="ptolemy.actor.gui.ColorAttribute" value="{1.0,1.0,1.0,1.0}">
                    </property>
                    <property name="width" class="ptolemy.data.expr.Parameter" value="60.0">
                    </property>
                    <property name="height" class="ptolemy.data.expr.Parameter" value="54.0">
                    </property>
                    <property name="centered" class="ptolemy.data.expr.Parameter" value="true">
                    </property>
                    <property name="fillColor" class="ptolemy.actor.gui.ColorAttribute" value="{0.0,0.0,0.0,1.0}">
                    </property>
                </property>
                <property name="Annotation" class="ptolemy.vergil.kernel.attributes.TextAttribute">
                    <property name="textSize" class="ptolemy.data.expr.Parameter" value="18">
                    </property>
                    <property name="textColor" class="ptolemy.actor.gui.ColorAttribute" value="{1.0,0.4,0.0,1.0}">
                    </property>
                    <property name="text" class="ptolemy.kernel.util.StringAttribute" value="PE">
                    </property>
                    <property name="_location" class="ptolemy.kernel.util.Location" value="[-14.0, -10.0]">
                    </property>
                </property>
            </property>
            <port name="input" class="ptolemy.actor.TypedIOPort">
                <property name="input"/>
                <property name="_cardinal" class="ptolemy.kernel.util.StringAttribute" value="SOUTH">
                </property>
            </port>
            <port name="output" class="ptolemy.actor.TypedIOPort">
                <property name="output"/>
                <property name="_cardinal" class="ptolemy.kernel.util.StringAttribute" value="SOUTH">
                </property>
            </port>
            <port name="debug" class="ptolemy.actor.TypedIOPort">
                <property name="output"/>
                <property name="_cardinal" class="ptolemy.kernel.util.StringAttribute" value="EAST">
                </property>
            </port>
            <port name="clk" class="ptolemy.actor.TypedIOPort">
                <property name="input"/>
                <property name="_cardinal" class="ptolemy.kernel.util.StringAttribute" value="NORTH">
                </property>
            </port>
        </entity>
        <relation name="relation" class="ptolemy.actor.TypedIORelation">
            <property name="width" class="ptolemy.data.expr.Parameter" value="1">
            </property>
        </relation>
        <relation name="relation2" class="ptolemy.actor.TypedIORelation">
            <property name="width" class="ptolemy.data.expr.Parameter" value="1">
            </property>
        </relation>
        <relation name="relation3" class="ptolemy.actor.TypedIORelation">
            <property name="width" class="ptolemy.data.expr.Parameter" value="1">
            </property>
        </relation>
        <relation name="relation4" class="ptolemy.actor.TypedIORelation">
            <property name="width" class="ptolemy.data.expr.Parameter" value="1">
            </property>
        </relation>
        <relation name="relation5" class="ptolemy.actor.TypedIORelation">
            <property name="width" class="ptolemy.data.expr.Parameter" value="1">
            </property>
        </relation>
        <relation name="relation6" class="ptolemy.actor.TypedIORelation">
            <property name="width" class="ptolemy.data.expr.Parameter" value="1">
            </property>
        </relation>
        <relation name="relation7" class="ptolemy.actor.TypedIORelation">
            <property name="width" class="ptolemy.data.expr.Parameter" value="1">
            </property>
        </relation>
        <relation name="relation8" class="ptolemy.actor.TypedIORelation">
            <property name="width" class="ptolemy.data.expr.Parameter" value="1">
            </property>
        </relation>
        <relation name="relation9" class="ptolemy.actor.TypedIORelation">
            <property name="width" class="ptolemy.data.expr.Parameter" value="1">
            </property>
            <vertex name="vertex1" value="[775.0, 280.0]">
            </vertex>
        </relation>
        <relation name="relation10" class="ptolemy.actor.TypedIORelation">
            <property name="width" class="ptolemy.data.expr.Parameter" value="1">
            </property>
        </relation>
        <relation name="relation11" class="ptolemy.actor.TypedIORelation">
            <property name="width" class="ptolemy.data.expr.Parameter" value="1">
            </property>
        </relation>
        <relation name="relation12" class="ptolemy.actor.TypedIORelation">
            <property name="width" class="ptolemy.data.expr.Parameter" value="1">
            </property>
        </relation>
        <relation name="relation13" class="ptolemy.actor.TypedIORelation">
            <property name="width" class="ptolemy.data.expr.Parameter" value="1">
            </property>
        </relation>
        <link port="in1" relation="relation"/>
        <link port="in2" relation="relation3"/>
        <link port="in3" relation="relation5"/>
        <link port="in4" relation="relation7"/>
        <link port="out1" relation="relation2"/>
        <link port="out2" relation="relation4"/>
        <link port="out3" relation="relation6"/>
        <link port="out4" relation="relation8"/>
        <link port="clk" relation="relation9"/>
        <link port="dbg1" relation="relation10"/>
        <link port="dbg2" relation="relation11"/>
        <link port="dbg3" relation="relation12"/>
        <link port="dbg4" relation="relation13"/>
        <link port="InstructionProcessor1.input" relation="relation"/>
        <link port="InstructionProcessor1.output" relation="relation2"/>
        <link port="InstructionProcessor1.debug" relation="relation10"/>
        <link port="InstructionProcessor1.clk" relation="relation9"/>
        <link port="InstructionProcessor.input" relation="relation3"/>
        <link port="InstructionProcessor.output" relation="relation4"/>
        <link port="InstructionProcessor.debug" relation="relation11"/>
        <link port="InstructionProcessor.clk" relation="relation9"/>
        <link port="InstructionProcessor2.input" relation="relation5"/>
        <link port="InstructionProcessor2.output" relation="relation6"/>
        <link port="InstructionProcessor2.debug" relation="relation12"/>
        <link port="InstructionProcessor2.clk" relation="relation9"/>
        <link port="InstructionProcessor3.input" relation="relation7"/>
        <link port="InstructionProcessor3.output" relation="relation8"/>
        <link port="InstructionProcessor3.debug" relation="relation13"/>
        <link port="InstructionProcessor3.clk" relation="relation9"/>
    </entity>
    <entity name="address bus trans display" class="ptolemy.actor.lib.gui.Display">
        <property name="_windowProperties" class="ptolemy.actor.gui.WindowPropertiesAttribute" value="{bounds={1109, 597, 342, 246}, maximized=false}">
        </property>
        <property name="_location" class="ptolemy.kernel.util.Location" value="[1405.0, 695.0]">
        </property>
    </entity>
    <entity name="data bus trans display" class="ptolemy.actor.lib.gui.Display">
        <property name="_windowProperties" class="ptolemy.actor.gui.WindowPropertiesAttribute" value="{bounds={1529, 594, 342, 246}, maximized=false}">
        </property>
        <property name="_location" class="ptolemy.kernel.util.Location" value="[1410.0, 450.0]">
        </property>
    </entity>
    <entity name="TransitionCounter" class="q3.TransitionCounter">
        <property name="_location" class="ptolemy.kernel.util.Location" value="[1270.0, 450.0]">
        </property>
    </entity>
    <entity name="TransitionCounter2" class="q3.TransitionCounter">
        <property name="_location" class="ptolemy.kernel.util.Location" value="[1238.4214477539062, 695.1080017089844]">
        </property>
    </entity>
    <relation name="relation8" class="ptolemy.actor.TypedIORelation">
        <property name="width" class="ptolemy.data.expr.Parameter" value="1">
        </property>
        <vertex name="vertex1" value="[730.0, 720.0]">
        </vertex>
    </relation>
    <relation name="relation6" class="ptolemy.actor.TypedIORelation">
        <property name="width" class="ptolemy.data.expr.Parameter" value="1">
        </property>
        <vertex name="vertex1" value="[695.0, 495.0]">
        </vertex>
    </relation>
    <relation name="relation10" class="ptolemy.actor.TypedIORelation">
        <property name="width" class="ptolemy.data.expr.Parameter" value="1">
        </property>
        <vertex name="vertex1" value="[710.0, 720.0]">
        </vertex>
    </relation>
    <relation name="relation14" class="ptolemy.actor.TypedIORelation">
        <property name="width" class="ptolemy.data.expr.Parameter" value="1">
        </property>
        <vertex name="vertex1" value="[680.0, 495.0]">
        </vertex>
    </relation>
    <relation name="relation4" class="ptolemy.actor.TypedIORelation">
        <property name="width" class="ptolemy.data.expr.Parameter" value="1">
        </property>
        <vertex name="vertex1" value="[665.0, 495.0]">
        </vertex>
    </relation>
    <relation name="relation" class="ptolemy.actor.TypedIORelation">
        <property name="width" class="ptolemy.data.expr.Parameter" value="1">
        </property>
        <vertex name="vertex1" value="[790.0, 495.0]">
        </vertex>
    </relation>
    <relation name="relation3" class="ptolemy.actor.TypedIORelation">
        <property name="width" class="ptolemy.data.expr.Parameter" value="1">
        </property>
        <vertex name="vertex1" value="[775.0, 495.0]">
        </vertex>
    </relation>
    <relation name="relation5" class="ptolemy.actor.TypedIORelation">
        <property name="width" class="ptolemy.data.expr.Parameter" value="1">
        </property>
        <vertex name="vertex1" value="[760.0, 495.0]">
        </vertex>
    </relation>
    <relation name="relation7" class="ptolemy.actor.TypedIORelation">
        <property name="width" class="ptolemy.data.expr.Parameter" value="1">
        </property>
        <vertex name="vertex1" value="[550.0, 590.0]">
        </vertex>
    </relation>
    <relation name="relation11" class="ptolemy.actor.TypedIORelation">
        <property name="width" class="ptolemy.data.expr.Parameter" value="1">
        </property>
        <vertex name="vertex1" value="[710.0, 495.0]">
        </vertex>
    </relation>
    <relation name="relation15" class="ptolemy.actor.TypedIORelation">
        <property name="width" class="ptolemy.data.expr.Parameter" value="1">
        </property>
        <vertex name="vertex1" value="[805.0, 495.0]">
        </vertex>
    </relation>
    <relation name="relation9" class="ptolemy.actor.TypedIORelation">
        <property name="width" class="ptolemy.data.expr.Parameter" value="1">
        </property>
        <vertex name="vertex1" value="[995.0, 580.0]">
        </vertex>
    </relation>
    <relation name="relation12" class="ptolemy.actor.TypedIORelation">
        <property name="width" class="ptolemy.data.expr.Parameter" value="1">
        </property>
        <vertex name="vertex1" value="[995.0, 600.0]">
        </vertex>
    </relation>
    <relation name="relation18" class="ptolemy.actor.TypedIORelation">
        <property name="width" class="ptolemy.data.expr.Parameter" value="1">
        </property>
        <vertex name="vertex1" value="[730.0, 690.0]">
        </vertex>
    </relation>
    <relation name="relation19" class="ptolemy.actor.TypedIORelation">
        <property name="width" class="ptolemy.data.expr.Parameter" value="1">
        </property>
        <vertex name="vertex1" value="[710.0, 670.0]">
        </vertex>
    </relation>
    <relation name="relation22" class="ptolemy.actor.TypedIORelation">
        <property name="width" class="ptolemy.data.expr.Parameter" value="1">
        </property>
        <vertex name="vertex1" value="[550.0, 495.0]">
        </vertex>
    </relation>
    <relation name="relation21" class="ptolemy.actor.TypedIORelation">
        <property name="width" class="ptolemy.data.expr.Parameter" value="1">
        </property>
        <vertex name="vertex1" value="[995.0, 645.0]">
        </vertex>
    </relation>
    <relation name="relation2" class="ptolemy.actor.TypedIORelation">
        <property name="width" class="ptolemy.data.expr.Parameter" value="1">
        </property>
        <vertex name="vertex" value="{0.0, 0.0}">
        </vertex>
    </relation>
    <relation name="relation13" class="ptolemy.actor.TypedIORelation">
        <property name="width" class="ptolemy.data.expr.Parameter" value="1">
        </property>
        <vertex name="vertex" value="{0.0, 0.0}">
        </vertex>
    </relation>
    <relation name="relation16" class="ptolemy.actor.TypedIORelation">
        <property name="width" class="ptolemy.data.expr.Parameter" value="1">
        </property>
    </relation>
    <relation name="relation17" class="ptolemy.actor.TypedIORelation">
        <property name="width" class="ptolemy.data.expr.Parameter" value="1">
        </property>
    </relation>
    <link port="Bus.clk" relation="relation7"/>
    <link port="Bus.toMemory" relation="relation19"/>
    <link port="Bus.fromMemory" relation="relation18"/>
    <link port="Bus.input" relation="relation4"/>
    <link port="Bus.input" relation="relation14"/>
    <link port="Bus.input" relation="relation6"/>
    <link port="Bus.input" relation="relation11"/>
    <link port="Bus.output" relation="relation5"/>
    <link port="Bus.output" relation="relation3"/>
    <link port="Bus.output" relation="relation"/>
    <link port="Bus.output" relation="relation15"/>
    <link port="Bus.data bus state" relation="relation9"/>
    <link port="Bus.address bus state" relation="relation12"/>
    <link port="Bus.debug" relation="relation21"/>
    <link port="MemoryController.input" relation="relation19"/>
    <link port="MemoryController.output" relation="relation18"/>
    <link port="MemoryController.clk" relation="relation7"/>
    <link port="data bus state.input" relation="relation9"/>
    <link port="Clock.output" relation="relation7"/>
    <link port="address bus state.input" relation="relation12"/>
    <link port="Multiprocessor.in1" relation="relation5"/>
    <link port="Multiprocessor.in2" relation="relation3"/>
    <link port="Multiprocessor.in3" relation="relation"/>
    <link port="Multiprocessor.in4" relation="relation15"/>
    <link port="Multiprocessor.out1" relation="relation4"/>
    <link port="Multiprocessor.out2" relation="relation14"/>
    <link port="Multiprocessor.out3" relation="relation6"/>
    <link port="Multiprocessor.out4" relation="relation11"/>
    <link port="Multiprocessor.clk" relation="relation22"/>
    <link port="address bus trans display.input" relation="relation17"/>
    <link port="data bus trans display.input" relation="relation16"/>
    <link port="TransitionCounter.input" relation="relation9"/>
    <link port="TransitionCounter.output" relation="relation16"/>
    <link port="TransitionCounter2.input" relation="relation12"/>
    <link port="TransitionCounter2.output" relation="relation17"/>
    <link relation1="relation8" relation2="relation18"/>
    <link relation1="relation10" relation2="relation19"/>
    <link relation1="relation7" relation2="relation22"/>
</entity>
